Time since start (ms),ACCELEROMETER X (m/s^2),ACCELEROMETER Y (m/s^2),ACCELEROMETER Z (m/s^2),GRAVITY X (m/s^2),GRAVITY Y (m/s^2),GRAVITY Z (m/s^2),GYROSCOPE X (rad/s),GYROSCOPE Y (rad/s),GYROSCOPE Z (rad/s),MAGNETIC FIELD X (uT),MAGNETIC FIELD Y (uT),MAGNETIC FIELD Z (uT),ORIENTATION (yaw deg),ORIENTATION (pitch deg),ORIENTATION (roll deg),GPS Latitude (deg),GPS Longitude (deg),GPS Altitude (m),GPS Speed (m/s),GPS Accuracy (m),GPS Orientation (deg),Satellites in range,DATE (YYYY-MO-DD HH-MI-SS_SSS)
112.1,-1.563414,4.848258,8.173804,-1.432719,4.878867,8.385366,0.009774,0.032987,0.021991,8.942000,-46.660004,-19.680000,-168.530,-29.835,9.696,,,,,,,,2026-09-13 03:08:54.765
208.2,-1.244985,4.884171,8.480263,-1.415449,4.876922,8.389429,0.001222,0.023824,-0.000611,10.316001,-44.987003,-21.424002,-167.653,-29.822,9.577,,,,,,,,2026-09-13 03:08:54.861
312.3,-1.364695,4.910508,8.183381,-1.440881,4.895386,8.374333,0.052534,0.004276,0.010385,8.874001,-44.202003,-19.690001,-167.472,-29.946,9.763,,,,,,,,2026-09-13 03:08:54.965
408.4,-1.436521,4.848258,8.453926,-1.432206,4.878192,8.385846,-0.045815,-0.022602,0.012828,9.421000,-43.219002,-17.215000,-167.579,-29.831,9.692,,,,,,,,2026-09-13 03:08:55.061
504.5,-1.343147,4.826711,8.511387,-1.402779,4.856090,8.403629,-0.012217,0.018326,0.010385,11.038000,-45.069000,-16.894001,-167.823,-29.682,9.477,,,,,,,,2026-09-13 03:08:55.157
608.7,-1.204283,4.807557,8.499416,-1.354754,4.867683,8.404801,0.002443,-0.045815,0.057421,8.660001,-44.206001,-17.206001,-167.792,-29.760,9.157,,,,,,,,2026-09-13 03:08:55.261
704.8,-1.161188,4.879383,8.293514,-1.300437,4.907632,8.390138,0.120340,-0.125227,0.058643,7.938000,-42.732002,-18.395000,-167.939,-30.029,8.811,,,,,,,,2026-09-13 03:08:55.358
808.9,-0.960075,5.018247,8.437167,-1.249934,4.914613,8.393726,0.018326,-0.114232,0.060476,9.541000,-43.204002,-16.676001,-168.236,-30.076,8.470,,,,,,,,2026-09-13 03:08:55.462
905.0,-1.142034,5.039794,8.858546,-1.234085,4.921725,8.391904,-0.009163,0.144775,0.016493,8.386001,-43.134003,-16.776001,-167.491,-30.124,8.366,,,,,,,,2026-09-13 03:08:55.558
1009.0,-1.233014,5.042189,8.022970,-1.297021,5.027277,8.319531,0.128893,0.053756,0.006109,8.357000,-43.592003,-16.558001,-167.672,-30.840,8.861,,,,,,,,2026-09-13 03:08:55.662
1105.1,-1.288081,5.013458,8.336611,-1.297141,5.066615,8.295615,0.009163,-0.012217,-0.007941,8.059000,-44.623001,-16.228001,-167.353,-31.108,8.887,,,,,,,,2026-09-13 03:08:55.758
1209.1,-1.211466,5.075707,8.516175,-1.232365,5.115119,8.275701,0.163712,-0.078191,0.036041,8.555000,-44.205002,-15.586000,-167.397,-31.439,8.470,,,,,,,,2026-09-13 03:08:55.862
1305.2,-1.034295,5.382165,7.917625,-1.093461,5.300745,8.177826,0.365908,-0.335976,0.099571,8.951000,-45.089001,-16.880001,-167.640,-32.719,7.616,,,,,,,,2026-09-13 03:08:55.958
1409.3,-0.644040,5.810728,8.276755,-0.887497,5.513229,8.061455,0.201586,-0.276722,-0.118508,7.970000,-44.521004,-13.421000,-168.411,-34.208,6.282,,,,,,,,2026-09-13 03:08:56.062
1505.4,0.727837,5.930438,8.573636,-0.608288,5.760681,7.912960,0.409280,-0.586431,-0.342085,7.485000,-45.100002,-11.040001,-166.601,-35.975,4.396,,,,,,,,2026-09-13 03:08:56.158
1609.5,0.943315,6.564901,6.651093,0.126636,6.512538,7.330839,1.158811,-1.527163,-0.828333,8.939000,-45.873001,-11.155001,-162.110,-41.613,-0.990,,,,,,,,2026-09-13 03:08:56.262
1705.6,0.679953,6.742072,5.954380,0.632173,7.151168,6.680685,0.725097,-1.460579,-0.690889,10.756001,-45.122002,-7.175000,-155.805,-46.821,-5.406,,,,,,,,2026-09-13 03:08:56.358
1809.7,0.660800,7.029376,6.612785,0.765951,7.340972,6.457077,-0.207083,-0.645685,-0.759916,13.318001,-43.142002,-7.632000,-149.268,-48.467,-6.765,,,,,,,,2026-09-13 03:08:56.462
1905.8,0.632069,6.995857,6.303933,0.527955,7.216496,6.619201,-0.254120,-0.197920,-0.670119,16.957001,-41.726002,-8.634001,-143.862,-47.381,-4.560,,,,,,,,2026-09-13 03:08:56.559
2009.9,0.007183,6.469133,6.363788,0.043956,6.883378,6.984809,-0.704328,0.188147,-0.693943,18.535002,-38.961002,-9.950001,-138.453,-44.580,-0.361,,,,,,,,2026-09-13 03:08:56.663
2106.0,-1.326388,5.645528,6.952762,-0.447883,6.355446,7.455072,-0.905302,0.635300,-0.611476,20.715000,-36.747002,-11.161000,-133.887,-40.397,3.438,,,,,,,,2026-09-13 03:08:56.759
2210.1,-2.592921,4.642357,7.790732,-1.573561,5.375016,8.050062,-1.540602,1.918728,0.021380,24.656002,-32.922001,-13.793000,-132.991,-33.237,11.060,,,,,,,,2026-09-13 03:08:56.863
2306.2,-3.971981,4.024653,8.870518,-3.084115,4.249115,8.282731,-1.138042,1.653001,-0.265726,27.407001,-35.068001,-14.018001,-135.161,-25.676,20.423,,,,,,,,2026-09-13 03:08:56.959
2410.2,-5.451597,4.113238,8.420407,-3.674348,3.940395,8.194074,0.472810,-0.601091,-0.044593,30.114002,-34.356003,-14.903001,-133.976,-23.691,24.152,,,,,,,,2026-09-13 03:08:57.063
2506.3,-3.873818,4.450821,7.105990,-3.080613,4.505258,8.147569,0.601091,-0.588263,0.380569,27.472002,-32.849003,-15.217001,-133.548,-27.349,20.712,,,,,,,,2026-09-13 03:08:57.159
2610.3,-2.942474,4.625597,8.238448,-2.648868,4.865947,8.091752,0.224188,-0.759916,0.230907,25.450001,-35.417000,-14.869000,-134.800,-29.748,18.126,,,,,,,,2026-09-13 03:08:57.263
2706.4,-1.750161,4.975151,9.078813,-2.000486,5.132345,8.113414,0.472199,-0.767247,0.329867,23.368002,-36.994003,-15.712001,-136.094,-31.557,13.851,,,,,,,,2026-09-13 03:08:57.359
2802.4,-0.703895,5.901707,7.524976,-1.158751,5.623173,7.950322,0.491747,-0.605978,0.431882,20.040001,-38.316002,-15.037001,-138.096,-34.988,8.292,,,,,,,,2026-09-13 03:08:57.455
2906.5,-0.428562,5.901707,7.189788,-0.345726,6.016854,7.736170,0.392786,-0.625526,0.251066,17.677000,-39.087002,-14.154000,-140.750,-37.847,2.559,,,,,,,,2026-09-13 03:08:57.559
3010.5,-0.126893,6.265626,7.472303,-0.105029,6.112228,7.668117,-0.092852,0.200975,0.018326,17.920000,-40.618000,-14.581000,-142.161,-38.556,0.785,,,,,,,,2026-09-13 03:08:57.663
3106.5,0.153229,5.995081,7.331046,-0.095819,6.111712,7.668650,-0.029322,-0.070250,0.132558,14.954000,-39.988003,-13.917001,-142.662,-38.552,0.716,,,,,,,,2026-09-13 03:08:57.759
3210.6,0.059855,6.038177,7.706935,0.004770,6.056074,7.713257,-0.084910,-0.053145,0.114843,16.105001,-39.890003,-15.868001,-143.229,-38.137,-0.035,,,,,,,,2026-09-13 03:08:57.863
3306.6,0.114922,5.963956,7.838616,-0.029942,5.931190,7.809640,-0.285274,0.267559,0.086132,16.257000,-39.586002,-13.603001,-144.600,-37.215,0.220,,,,,,,,2026-09-13 03:08:57.959
3410.6,-0.213084,5.832275,8.073248,-0.071609,5.779522,7.922272,-0.123395,0.173486,0.216246,14.602000,-39.938004,-14.994000,-146.242,-36.111,0.518,,,,,,,,2026-09-13 03:08:58.063
3506.7,-0.390255,5.580884,8.176199,-0.094944,5.711805,7.970988,-0.071471,0.186314,0.283441,13.620001,-40.764004,-14.984001,-148.121,-35.622,0.682,,,,,,,,2026-09-13 03:08:58.159
3610.8,-0.337582,5.576096,7.958326,-0.143677,5.669843,8.000164,-0.097128,0.249233,0.450208,13.312000,-40.154003,-14.985001,-150.667,-35.321,1.029,,,,,,,,2026-09-13 03:08:58.264
3706.9,-0.316035,5.669470,8.281544,-0.163341,5.602448,8.047130,0.001833,0.266948,0.560163,10.488001,-42.271004,-17.548000,-153.841,-34.840,1.163,,,,,,,,2026-09-13 03:08:58.360
3810.9,0.146046,5.530606,7.620744,-0.035977,5.610245,8.043274,-0.043371,0.207083,0.609033,10.856001,-42.376003,-14.848001,-157.485,-34.896,0.256,,,,,,,,2026-09-13 03:08:58.464
3907.0,0.553061,5.540183,8.300697,0.173860,5.522837,8.101755,-0.117286,0.169821,0.495412,7.791000,-42.556004,-14.827001,-161.053,-34.275,-1.229,,,,,,,,2026-09-13 03:08:58.560
4011.1,0.711078,5.298368,8.149862,0.299715,5.454358,8.144357,0.111177,0.311541,0.455705,7.146000,-43.837002,-17.301001,-164.575,-33.793,-2.108,,,,,,,,2026-09-13 03:08:58.664
4107.2,0.782904,5.616797,8.228871,0.417889,5.524272,8.091859,0.364687,0.479529,0.395841,5.004000,-43.206001,-14.698001,-167.575,-34.286,-2.956,,,,,,,,2026-09-13 03:08:58.760
4211.3,0.569820,5.564125,8.238448,0.426266,5.679437,7.983275,0.299324,0.202807,0.382402,3.563000,-46.099003,-14.677001,-170.646,-35.390,-3.056,,,,,,,,2026-09-13 03:08:58.864
4307.4,0.670376,6.052542,7.599196,0.504406,5.850999,7.853774,0.144164,0.100182,0.060476,3.069000,-44.952003,-13.491000,-171.318,-36.629,-3.675,,,,,,,,2026-09-13 03:08:58.960
4411.5,0.375890,5.851429,7.802703,0.424682,5.890572,7.828870,0.047037,0.091019,0.125838,3.726000,-43.878002,-12.528001,-171.963,-36.918,-3.105,,,,,,,,2026-09-13 03:08:59.064
4507.6,0.567426,5.884948,7.680599,0.449060,5.913771,7.809997,-0.014050,0.084299,0.000000,3.129000,-45.855003,-12.840000,-172.526,-37.088,-3.291,,,,,,,,2026-09-13 03:08:59.160
4611.7,0.399832,5.995081,8.066066,0.448604,5.879191,7.836087,-0.032987,-0.023213,-0.012217,4.902000,-45.490002,-11.342001,-172.243,-36.835,-3.277,,,,,,,,2026-09-13 03:08:59.264
4707.8,0.957681,5.822699,7.620744,0.540449,5.947206,7.778756,0.140499,-0.047647,-0.062919,2.302000,-45.859001,-15.102001,-171.971,-37.333,-3.974,,,,,,,,2026-09-13 03:08:59.361
4811.9,0.284910,5.901707,7.920019,0.499628,5.989889,7.748676,-0.015272,-0.069639,-0.134390,5.417000,-44.625004,-12.213000,-171.274,-37.647,-3.689,,,,,,,,2026-09-13 03:08:59.465
4908.0,0.679953,6.155493,7.601591,0.538968,6.041098,7.706170,0.128893,-0.213803,-0.200975,5.541000,-44.435001,-12.970000,-169.845,-38.026,-4.001,,,,,,,,2026-09-13 03:08:59.561
5012.1,0.433351,6.121974,7.386112,0.510196,6.104636,7.657906,0.015272,-0.194866,-0.270002,4.909000,-45.312000,-12.098001,-167.856,-38.499,-3.812,,,,,,,,2026-09-13 03:08:59.665
5108.2,0.385466,6.141128,7.697359,0.505860,6.113908,7.650793,-0.023824,-0.230296,-0.274278,5.029000,-45.383003,-10.803000,-166.244,-38.568,-3.783,,,,,,,,2026-09-13 03:08:59.761
5212.3,0.150835,6.074090,7.378930,0.452402,6.110992,7.656467,-0.087354,-0.235183,-0.280998,7.832000,-43.288002,-11.155001,-163.555,-38.546,-3.382,,,,,,,,2026-09-13 03:08:59.865
5308.4,0.311246,6.035782,7.216124,0.408195,6.034647,7.719249,-0.314596,-0.224188,-0.296270,8.553000,-44.419003,-13.206000,-162.031,-37.978,-3.027,,,,,,,,2026-09-13 03:08:59.961
5412.5,0.292093,5.592855,8.226477,0.314450,5.719839,7.959583,-0.465479,-0.073304,-0.334143,11.152000,-43.537003,-14.522000,-159.073,-35.680,-2.262,,,,,,,,2026-09-13 03:09:00.065
5508.6,-0.057461,4.960786,7.436390,-0.120702,5.229005,8.295380,-1.139264,0.472810,-0.808786,11.845000,-41.483002,-17.774000,-155.324,-32.223,0.834,,,,,,,,2026-09-13 03:09:00.161
5604.7,-0.960075,4.175488,9.490616,-0.520792,4.322803,8.787066,-0.846659,-0.249233,-0.493579,15.118001,-38.995003,-20.829000,-151.506,-26.155,3.392,,,,,,,,2026-09-13 03:09:00.257
5708.8,-1.094150,3.284845,9.667787,-0.698197,3.557534,9.111908,-0.885144,0.516792,-0.386678,16.981001,-36.912003,-22.902000,-149.098,-21.270,4.382,,,,,,,,2026-09-13 03:09:00.362
5804.9,-1.613692,2.624045,9.703699,-1.083132,2.991798,9.276117,-0.301157,-0.031765,-0.076358,17.381001,-35.712002,-26.796001,-148.063,-17.763,6.660,,,,,,,,2026-09-13 03:09:00.458
5908.9,-1.266533,2.686294,9.631873,-1.073211,2.757473,9.349597,-0.112399,0.023824,0.119730,17.838001,-34.027000,-27.130001,-149.106,-16.331,6.548,,,,,,,,2026-09-13 03:09:00.562
6005.0,-0.993594,2.626439,9.507375,-1.026949,2.710156,9.368608,0.049480,-0.100182,0.149662,16.539001,-34.424000,-26.796001,-151.685,-16.043,6.256,,,,,,,,2026-09-13 03:09:00.658
6109.0,-0.770933,2.712631,9.883265,-0.704123,2.849641,9.357038,0.360410,-0.623693,0.216857,17.044001,-33.655003,-28.206001,-152.279,-16.893,4.303,,,,,,,,2026-09-13 03:09:00.762
6205.0,0.076614,3.265691,9.138668,-0.041899,3.261006,9.248485,0.533285,-0.502131,0.248622,13.941001,-36.869003,-26.984001,-154.005,-19.422,0.260,,,,,,,,2026-09-13 03:09:00.858
6309.1,0.347159,3.476381,8.983045,0.214480,3.550336,9.138901,0.237627,-0.218079,0.180816,12.158001,-37.501003,-27.402000,-155.110,-21.225,-1.344,,,,,,,,2026-09-13 03:09:00.962
6405.1,0.763750,3.792415,9.107543,0.492491,3.736786,9.053412,0.210749,-0.172264,0.129503,9.498000,-39.302002,-26.081001,-156.086,-22.398,-3.114,,,,,,,,2026-09-13 03:09:01.058
6509.2,0.938527,3.962404,9.006987,0.708120,3.929980,8.956798,0.263283,-0.116064,0.128282,8.948000,-40.631001,-25.748001,-157.559,-23.625,-4.520,,,,,,,,2026-09-13 03:09:01.162
6605.3,0.955287,4.177882,8.674192,0.828909,4.117014,8.861912,0.204029,-0.036652,0.059865,7.317000,-42.523003,-25.621000,-158.140,-24.823,-5.344,,,,,,,,2026-09-13 03:09:01.258
6709.4,0.986411,4.240131,8.525752,0.907359,4.247872,8.792193,0.053145,-0.007330,0.032987,9.023001,-41.605003,-22.397001,-158.099,-25.668,-5.892,,,,,,,,2026-09-13 03:09:01.362
6805.4,1.072602,4.292804,8.868123,0.929989,4.256778,8.785520,0.029932,-0.048258,0.026267,8.492001,-40.752003,-23.585001,-158.252,-25.726,-6.043,,,,,,,,2026-09-13 03:09:01.458
6909.6,1.096544,4.288015,8.736442,0.951165,4.284296,8.769862,0.036652,-0.014661,0.035430,7.290000,-41.244003,-25.087002,-158.446,-25.905,-6.190,,,,,,,,2026-09-13 03:09:01.562
7005.7,1.077391,4.331111,8.702923,0.967221,4.302332,8.759270,0.007330,0.000000,0.039095,7.310000,-39.489002,-22.395000,-158.714,-26.022,-6.301,,,,,,,,2026-09-13 03:09:01.658
7109.8,1.053449,4.311957,8.698134,0.974348,4.299410,8.759914,-0.020769,0.011606,-0.006109,7.992001,-39.438004,-24.667002,-158.672,-26.003,-6.347,,,,,,,,2026-09-13 03:09:01.763
7205.9,1.007959,4.316746,8.760384,0.969289,4.279817,8.770065,-0.017715,0.002443,-0.001833,9.477000,-39.923000,-23.163002,-158.216,-25.876,-6.307,,,,,,,,2026-09-13 03:09:01.859
7310.1,1.003170,4.273650,8.779537,0.966118,4.272572,8.773947,0.017104,0.004887,0.014050,7.411000,-39.836002,-21.207001,-158.082,-25.829,-6.284,,,,,,,,2026-09-13 03:09:01.963
7406.1,1.058237,4.261679,8.825027,0.965196,4.265760,8.777362,-0.020159,0.010996,0.003665,9.035001,-41.336002,-23.262001,-157.624,-25.784,-6.275,,,,,,,,2026-09-13 03:09:02.059
7510.2,1.070208,4.232949,8.832211,0.977016,4.253302,8.782099,-0.034819,0.009163,0.006109,6.666000,-40.377003,-23.035002,-157.441,-25.704,-6.348,,,,,,,,2026-09-13 03:09:02.163
7606.3,0.928950,4.240131,8.779537,0.986969,4.246019,8.784510,-0.017715,0.013439,0.010385,6.882000,-42.193001,-24.648001,-157.707,-25.656,-6.410,,,,,,,,2026-09-13 03:09:02.259
7710.4,1.048660,4.223372,8.762778,0.985185,4.240915,8.787174,-0.015882,0.007330,-0.006720,7.516000,-41.571003,-22.711000,-157.842,-25.623,-6.397,,,,,,,,2026-09-13 03:09:02.363
7806.5,1.175553,4.242526,8.793902,0.993328,4.233054,8.790048,-0.007330,-0.021380,-0.004276,8.470000,-39.381001,-23.159000,-158.302,-25.572,-6.447,,,,,,,,2026-09-13 03:09:02.459
7910.6,1.053449,4.218584,8.762778,0.993656,4.220490,8.796050,-0.008552,-0.040317,0.000611,7.592000,-40.380001,-23.257002,-158.140,-25.491,-6.445,,,,,,,,2026-09-13 03:09:02.563
8006.6,0.909797,4.199430,8.836999,0.999360,4.200657,8.804893,-0.028711,-0.009774,0.004887,9.408000,-39.029003,-25.002001,-158.539,-25.363,-6.475,,,,,,,,2026-09-13 03:09:02.659
8110.7,0.905008,4.177882,8.841787,1.010082,4.193155,8.807245,-0.012217,0.006109,-0.010996,8.402000,-40.135002,-25.638000,-157.733,-25.314,-6.543,,,,,,,,2026-09-13 03:09:02.763
8206.8,0.993594,4.201824,8.729259,1.021191,4.200089,8.802660,0.012217,-0.006109,0.001833,8.052000,-40.599003,-21.639002,-157.857,-25.359,-6.617,,,,,,,,2026-09-13 03:09:02.859
8310.8,1.132457,4.201824,8.695741,1.028048,4.202005,8.800947,0.006720,-0.008552,-0.008552,9.094001,-40.247002,-25.103001,-158.750,-25.371,-6.663,,,,,,,,2026-09-13 03:09:02.964
8406.9,1.074997,4.211401,8.705317,1.031539,4.194896,8.803929,-0.004276,-0.012828,-0.012217,8.227000,-41.235001,-23.689001,-158.072,-25.326,-6.683,,,,,,,,2026-09-13 03:09:03.060
8511.0,0.897826,4.158728,8.690952,1.017299,4.177779,8.813720,-0.011606,0.001833,-0.012828,7.727000,-41.571003,-25.736002,-158.121,-25.215,-6.584,,,,,,,,2026-09-13 03:09:03.164
8607.0,1.022324,4.141969,8.836999,1.011381,4.162093,8.821818,0.007330,-0.016493,0.000000,6.126000,-41.526001,-23.134001,-158.361,-25.114,-6.540,,,,,,,,2026-09-13 03:09:03.260
8711.1,1.063026,4.156334,8.793902,1.005112,4.161328,8.822896,0.004276,0.003665,0.003054,7.887001,-39.353001,-24.019001,-158.338,-25.109,-6.499,,,,,,,,2026-09-13 03:09:03.364
8807.2,0.938527,4.120421,8.872911,0.998699,4.156321,8.825984,-0.034819,0.037263,-0.020769,8.167001,-40.417004,-23.476002,-157.966,-25.076,-6.456,,,,,,,,2026-09-13 03:09:03.460
8911.2,1.060631,4.149151,8.825027,0.989394,4.157348,8.826548,0.010385,0.012828,-0.010996,7.461000,-40.663002,-22.715000,-158.260,-25.083,-6.396,,,,,,,,2026-09-13 03:09:03.564
9007.3,0.897826,4.110844,8.851364,0.966427,4.160698,8.827514,0.009774,-0.028711,0.051313,9.509001,-39.377003,-23.813002,-158.397,-25.105,-6.248,,,,,,,,2026-09-13 03:09:03.660
9111.4,0.864307,4.158728,8.942344,0.963293,4.148210,8.833732,-0.000611,0.000611,0.025656,9.312000,-39.020000,-22.302002,-157.922,-25.024,-6.223,,,,,,,,2026-09-13 03:09:03.764
9207.5,0.991199,4.113238,8.880095,0.970735,4.145920,8.833992,-0.053756,0.034208,-0.026878,8.433001,-39.847000,-24.020000,-157.998,-25.009,-6.271,,,,,,,,2026-09-13 03:09:03.860
9311.5,0.967257,4.120421,8.887277,0.923559,4.138161,8.842684,0.024435,0.030543,-0.008552,8.272000,-40.675003,-22.612001,-158.083,-24.959,-5.963,,,,,,,,2026-09-13 03:09:03.964
9407.6,0.823605,4.103662,8.714894,0.885158,4.147811,8.842089,0.009163,0.010996,0.020769,7.799000,-38.991001,-23.372002,-158.001,-25.022,-5.717,,,,,,,,2026-09-13 03:09:04.060
9511.6,0.842759,4.146757,9.064447,0.863336,4.131301,8.851971,0.000000,0.073304,0.003665,9.290001,-39.385002,-21.977001,-158.080,-24.915,-5.570,,,,,,,,2026-09-13 03:09:04.164
9607.6,0.756568,4.149151,8.980651,0.771894,4.166212,8.844051,0.095295,0.161879,-0.009163,8.694000,-39.454002,-23.592001,-158.221,-25.140,-4.988,,,,,,,,2026-09-13 03:09:04.260
9711.6,0.622492,4.223372,8.494628,0.656280,4.259819,8.808724,0.076358,0.105069,0.047037,8.507000,-40.479000,-24.018002,-157.990,-25.746,-4.261,,,,,,,,2026-09-13 03:09:04.364
9807.7,0.677559,4.347870,8.676587,0.637463,4.287371,8.796731,-0.005498,0.045204,0.047647,9.481001,-39.834003,-23.488001,-157.604,-25.925,-4.145,,,,,,,,2026-09-13 03:09:04.460
9911.7,0.672771,4.326323,8.856153,0.629537,4.296919,8.792642,0.039095,0.072082,0.004887,9.640000,-41.000004,-22.728001,-158.286,-25.987,-4.095,,,,,,,,2026-09-13 03:09:04.564
10007.8,0.656011,4.328717,8.401254,0.621083,4.350951,8.766633,-0.042761,-0.033598,0.004887,8.514000,-40.644001,-21.534000,-158.289,-26.339,-4.052,,,,,,,,2026-09-13 03:09:04.660
10111.8,0.517148,4.350265,8.877700,0.569956,4.329536,8.780698,0.026878,-0.045815,0.025045,8.805000,-41.183002,-24.341002,-158.302,-26.199,-3.714,,,,,,,,2026-09-13 03:09:04.765
10207.9,0.591368,4.390966,8.341399,0.571541,4.346169,8.772374,-0.008552,-0.051924,-0.001222,7.916000,-42.536003,-22.710001,-159.171,-26.307,-3.728,,,,,,,,2026-09-13 03:09:04.861
10311.9,0.555455,4.295198,8.961497,0.580608,4.292367,8.798230,-0.020159,0.014661,-0.058032,8.459001,-41.214001,-23.907001,-158.980,-25.957,-3.776,,,,,,,,2026-09-13 03:09:04.965
10408.0,0.478840,4.252102,8.643068,0.554196,4.289569,8.801298,0.019548,0.020769,-0.029322,8.508000,-40.478001,-23.910002,-158.759,-25.939,-3.603,,,,,,,,2026-09-13 03:09:05.061
10504.1,0.502782,4.273650,8.568848,0.564112,4.269981,8.810189,-0.111788,-0.050091,-0.015272,8.934000,-41.074001,-23.587002,-158.929,-25.812,-3.664,,,,,,,,2026-09-13 03:09:05.157
10608.2,0.442927,4.153940,9.040505,0.543739,4.185027,8.852134,0.003054,0.029322,0.051924,10.586000,-38.905003,-23.499001,-158.348,-25.262,-3.515,,,,,,,,2026-09-13 03:09:05.261
10712.2,0.670376,4.225766,8.841787,0.556127,4.218711,8.835361,0.064752,0.031765,0.004276,8.745001,-40.366001,-24.236002,-158.300,-25.480,-3.602,,,,,,,,2026-09-13 03:09:05.365
10808.3,0.574608,4.280833,8.614338,0.557718,4.268000,8.811556,0.032376,-0.048869,0.009774,9.691000,-40.263000,-22.515001,-158.198,-25.799,-3.622,,,,,,,,2026-09-13 03:09:05.461
10912.3,0.397437,4.266468,9.047688,0.558113,4.265796,8.812597,0.007330,-0.002443,-0.021380,9.329000,-40.395000,-23.268002,-157.428,-25.785,-3.624,,,,,,,,2026-09-13 03:09:05.565
11008.4,0.615310,4.256891,8.597578,0.581972,4.304106,8.792404,0.028711,0.000000,0.016493,10.288000,-40.107002,-21.548000,-157.891,-26.034,-3.787,,,,,,,,2026-09-13 03:09:05.661
11104.5,0.600945,4.206613,8.906430,0.622140,4.296155,8.793542,0.041539,-0.083689,0.091019,9.162001,-41.486004,-20.240002,-158.243,-25.982,-4.047,,,,,,,,2026-09-13 03:09:05.757
11208.6,0.689530,4.333505,8.947132,0.690325,4.290542,8.791194,0.001833,-0.017104,0.047647,8.120001,-41.151001,-23.257002,-159.188,-25.945,-4.490,,,,,,,,2026-09-13 03:09:05.861
11312.6,0.811634,4.340688,8.693346,0.716282,4.300501,8.784248,-0.012217,0.015272,-0.012828,7.007000,-40.524002,-22.604002,-160.105,-26.010,-4.662,,,,,,,,2026-09-13 03:09:05.965
11408.6,0.758962,4.299986,8.729259,0.727627,4.293901,8.786544,-0.025045,0.002443,-0.018937,7.680000,-40.998001,-21.311001,-159.420,-25.967,-4.734,,,,,,,,2026-09-13 03:09:06.061
11512.7,0.720655,4.232949,9.026140,0.707486,4.271198,8.799246,0.021991,0.052534,0.005498,8.597000,-41.010002,-22.721001,-159.445,-25.820,-4.597,,,,,,,,2026-09-13 03:09:06.165
11608.7,0.675165,4.297592,8.973468,0.675339,4.296224,8.789582,0.031765,0.114232,-0.007330,8.285001,-42.054001,-24.226002,-159.301,-25.982,-4.394,,,,,,,,2026-09-13 03:09:06.261
11704.8,0.545878,4.273650,8.616732,0.624948,4.357155,8.763277,0.014661,0.049480,-0.060476,7.859000,-40.067001,-21.209002,-158.542,-26.379,-4.079,,,,,,,,2026-09-13 03:09:06.357
11808.8,0.545878,4.158728,8.860941,0.522073,4.384742,8.756248,0.043371,0.055589,-0.138056,9.506001,-39.723003,-21.005001,-157.811,-26.559,-3.412,,,,,,,,2026-09-13 03:09:06.462
11904.8,0.339977,4.395754,8.755595,0.443146,4.473404,8.715656,0.241903,-0.156992,-0.529620,10.046000,-40.052002,-23.382002,-156.079,-27.140,-2.911,,,,,,,,2026-09-13 03:09:06.558
12008.8,0.107739,4.383783,7.843405,0.265894,4.651983,8.628948,-0.042150,-0.141110,-0.386678,12.296000,-41.455002,-24.146002,-152.061,-28.318,-1.765,,,,,,,,2026-09-13 03:09:06.662
12112.9,0.296881,4.513070,7.991845,0.187530,4.525754,8.697861,-0.350637,-0.050702,-0.503964,13.418000,-40.510002,-21.891001,-149.260,-27.484,-1.235,,,,,,,,2026-09-13 03:09:06.766
12208.9,0.308852,3.684676,9.296685,-0.340768,4.094592,8.904414,-0.013439,0.437990,-0.505796,19.320002,-37.157001,-22.377001,-146.389,-24.679,2.192,,,,,,,,2026-09-13 03:09:06.862
12305.0,-0.332794,5.035006,8.046912,-0.865341,4.785086,8.516133,1.744631,0.855822,-1.105055,19.895000,-37.693001,-18.384001,-141.733,-29.205,5.802,,,,,,,,2026-09-13 03:09:06.958
12409.0,-2.571373,4.783615,9.655815,-2.271988,4.985405,8.133522,-1.108110,1.689653,0.367741,24.243002,-37.335003,-13.768001,-139.673,-30.555,15.607,,,,,,,,2026-09-13 03:09:07.062
12505.1,-4.197036,5.236119,6.189012,-3.237236,5.128492,7.706442,0.739147,0.273668,0.307265,25.476002,-37.092003,-10.754001,-140.673,-31.531,22.786,,,,,,,,2026-09-13 03:09:07.158
12609.2,-3.641581,5.051765,7.776367,-3.028461,5.177086,7.758646,-0.163101,-0.104458,-0.245568,25.600000,-38.551003,-12.261001,-140.142,-31.865,21.322,,,,,,,,2026-09-13 03:09:07.262
